{"last_training_accuracy": 88.88888888888889, "training_epochs": 10, "last_trained": "2026-02-12T20:22:18.569491", "total_classes": 4}